Program,Genre,Country of Origin,Seasons,Started Broadcasting,Finished Broadcasting,Episode Count
Unser Sandmännchen,Children's,Germany,,22-Nov-59,Currently in production,"20,000"
Guiding Light,Soap opera,United States,57,30-Jun-52,18-Sep-09,"15,762"
General Hospital,Soap opera,United States,56,1-Apr-63,Currently in production,"14,290"
As the World Turns,Soap opera,United States,54,2-Apr-56,17-Sep-10,"13,858"
Days of Our Lives,Soap opera,United States,54,8-Nov-65,Currently in production,"13,508[5]"
The Tonight Show,Talk show,United States,64,27-Sep-54,Currently in production,"12,278"
Des chiffres et des lettres,Game Show,France,48,19-Sep-65,Currently in production,"12,000[6]"
Eat Bulaga!,Variety show,Philippines,39,30-Jul-79,Currently in production,"11,907"
The Young and the Restless,Soap opera,United States,46,26-Mar-73,Currently in production,"11,600[7]"
One Life to Live,Soap opera,United States,45,15-Jul-68,13-Jan-12,"11,136[8]"
All My Children,Soap opera,United States,41,5-Jan-70,23-Sep-11,"10,755[9]"
Tetsuko's Talking Room (徹子の部屋),Talk show,Japan,,2-Feb-76,Currently in production,"10,097[10]"
100 Huntley Street,Daily talk,Canada,,15-Jun-77,Currently in production,"10,000"
Coronation Street,Soap opera,United Kingdom,58,9-Dec-60,Currently in production,"9,655[11]"
Barátok közt,Soap opera,Hungary,20,26-Oct-98,Currently in production,"9,220[12]"
Search for Tomorrow,Soap opera,United States,35,3-Sep-51,26-Dec-86,"9,130[13]"
The Price Is Right,Game show,United States,45,4-Sep-72,Currently in production,"9,128"
Another World,Soap opera,United States,35,4-May-64,25-Jun-99,"8,891[13]"
Emmerdale,Soap opera,United Kingdom,39,16-Oct-72,Currently in production,"8,364[14]"
Waratte Iitomo! (笑っていいとも!),"Variety show, Talk show",Japan,,4-Oct-82,31-Mar-14,"8,054[15]"
Neighbours,Soap opera,Australia,34,18-Mar-85,Currently in production,"8,015[16]"
The Bold and the Beautiful,Soap opera,United States,32,23-Mar-87,Currently in production,"8,005"
Jeopardy!,Game show,United States,,10-Sep-84,Currently in production,"7,839[19]"
Sazae-san,Comedy,Japan,,5-Oct-69,Currently in production,"7,542+[20][21]"
Les Guignols,"Political satire, Puppet show",France,30,29-Aug-88,22-Jun-18,"7,500[22]"
The Edge of Night,Soap opera,United States,28,2-Apr-56,28-Dec-84,"7,420[23]"
Love of Life,Soap opera,United States,29,24-Sep-51,1-Feb-80,"7,316[24]"
TV Slagalica,Game show,Serbia,112,22-Nov-93,Currently in production,"7,256"
Home and Away,Soap opera,Australia,31,17-Jan-88,Currently in production,"7,060[25]"
Almorzando con Mirtha Legrand,Talk Show,Argentina,39,3-Jun-68,Currently in production,"7,054"
Access Hollywood,Entertainment news,United States,23,6-Sep-96,Currently in production,"6,975[26][27]"
Countdown,Game show,United Kingdom,60,2-Nov-82,Currently in production,"6,908[28]"
Wheel of Fortune,Game show,United States,,19-Sep-83,Currently in production,"6,776[29]"
"Gute Zeiten, schlechte Zeiten",Soap opera,Germany,,11-May-92,Currently in production,"6,674[30][31]"
Shortland Street,Soap opera,New Zealand,26,25-May-92,Currently in production,"6,667[32]"
Munshi,Social & political satire,India,1,1-Sep-00,Currently in production,"6,565"
Striscia la notizia,Entertainment,Italy,27,7-Nov-88,Currently in production,"6,511"
Familie,Soap opera,Belgium,,30-Dec-91,Currently in production,"6,308[33]"
Larry King Live,Talk show,United States,,3-Jun-85,16-Dec-10,"6,120"
Dafengche (大风车),Children's,China,,1-Jun-95,Currently in production,"6,050"
Unter Uns,Soap opera,Germany,,28-Nov-94,Currently in production,"6,025[34]"
Malhação,Soap opera,Brazil,25,24-Apr-95,Currently in production,"5,996"
"Goede Tijden, Slechte Tijden",Soap opera,The Netherlands,28,1-Oct-90,Currently in production,"5,940"
Judge Judy,Reality,United States,23,16-Sep-96,Currently in production,"5,909"
EastEnders,Soap opera,United Kingdom,,19-Feb-85,Currently in production,"5,850[35]"
Le Juste Prix,Game show,France,17,13-Dec-87,10-Apr-15,"5,600"
Dom-2,Reality,Russia,,11-May-04,Currently in production,"5,358"
Blokken,Game Show,Belgium,25,5-Sep-94,Currently in production,"5,287[36]"
Lingo,Game Show,The Netherlands,,5-Jan-89,2-Oct-14,"5,226[37]"
Les Minikeums,Children puppet show,France,12,31-Mar-93,Currently in production,"5,200[38]"
Bobino,Children's,Canada,28,23-May-57,14-Jun-85,"5,170"
Saber y ganar,Game show,Russia,20,17-Feb-97,Currently in production,"5,170[39]"
Un posto al sole,Soap opera,Italy,20,21-Oct-96,Currently in production,"5,167"
The Doctors,Soap opera,United States,,1-Apr-63,31-Dec-82,"5,155"
Wheel of Fortune,Game show,Australia,26,21-Jul-81,27-Jun-08,"5,118"
Isidingo,Soap opera,Russia,20,7-Jul-98,Currently in production,"5,110[40]"
The Jerry Springer Show,Tabloid talk show,United States,27,30-Sep-91,26-Jul-18,"5,084[41]"
Hollyoaks,Soap opera,United Kingdom,19,23-Oct-95,Currently in production,"5,080"
Blue Peter,Children's,United Kingdom,,16-Oct-58,Currently in production,"5,037[42]"
The Secret Storm,Soap opera,United States,,1-Feb-54,8-Feb-74,"4,949[43]"
The Merv Griffin Show,Talk show,United States,,6-Oct-62,6-Jun-86,"4,855"
Rasoi Show,Cookery Show,India,,"25 October, 2004",Currently in production,"4,833"
Sturm der Liebe,Soap Opera,Germany,,"26 September, 2005",Currently in production,"3,104"
Sale of the Century,Game show,Australia,22,14-Jul-80,29-Nov-01,"4,610"
The Oprah Winfrey Show,Talk show,United States,25,8-Sep-86,25-May-11,"4,561[44]"
Thuis,Soap opera,Belgium,22,23-Dec-95,Currently in production,"4,545"
Pyramid,Game show,United States,,26-Mar-73,10-Jan-13,"4,532"
Crossroads – Original series,Soap opera,United Kingdom,,2-Nov-64,4-Apr-88,"4,510[45]"
Sesame Street,Children's,United States,47,10-Nov-69,Currently in production,"4,481[46]"
7de Laan,Soap opera,Russia,18,2000,Currently in production,"4,477[47]"
Egoli: Place of Gold,Soap opera,Russia,18,6-Apr-92,31-Mar-10,"4,469[48][49]"
Verbotene Liebe,Soap opera,Germany,20,2-Jan-95,26-Jun-15,"4,464[50]"
Fair City,Soap opera,Ireland,25,Sep-89,Currently in production,"4,438[51]"
Late Show with David Letterman,"Talk show, Variety show",United States,22,30-Aug-93,20-May-15,"4,263[52]"
L'eredità,Game Show,Italy,17,29-Jul-02,Currently in production,"4,079[53]"
Marienhof,Soap opera,Germany,,1-Oct-92,15-Jun-11,"4,053[54][55]"
Rannaghor,Cookery,India,,2005,Currently in production,"4,010"
The View,Talk show,United States,22,11-Aug-97,Currently in production,"4,000"
Plus belle la vie,Soap opera,France,13,30-Aug-04,Currently in production,"3,710"
Doctors,Soap opera,United Kingdom,19,26-Mar-00,Currently in production,"3,660"
Jackanory,Children's,United Kingdom,,13-Dec-65,24-Mar-96,"3,640"
Ulice,Soap opera,Czech Republic,10,5-Sep-05,Currently in production,"3,590"
Lykkehjulet,Game show,Denmark,,1-Oct-88,2001,"3,559"
Jóban Rosszban,Soap opera,Hungary,10,23-Jan-05,Currently in production,"3,522"
Ryan's Hope,Soap opera,United States,13,7-Jul-75,13-Jan-89,"3,515"
La Ruota Della Fortuna,Game Show,Italy,15,1987,2009,"3,501[56]"
Salatut elämät,"Soap opera, Drama",Finland,19,22-Jan-99,Currently in production,"3,486"
"OK, Il Prezzo è Giusto!",Game Show,Italy,21,21-Dec-83,13-Apr-01,"3,466[56]"
Lampsi,"Soap opera, Drama",Greece,14,16-Sep-91,29-Jul-05,"3,457"
Klan,Soap opera,Poland,21,22-Sep-97,Currently in production,"3,414"
Onderweg naar morgen,Soap opera,The Netherlands,27,3-Jan-94,14-May-10,"3,225"
The Daily Show,Comedy,United States,18,22-Jul-96,Currently in production,"3,197"
Star Mahila,Telugu Game show,India,1,9-Aug-08,26-Jan-19,"3,181"
Loving,Soap opera,United States,,26-Jun-83,10-Nov-95,"3,169"
Hotel Cæsar,Soap opera,Norway,31,24-Oct-98,14-Dec-17,"3,123"
Abhhishekam,Telugu soap opera,India,11,28-Dec-08,Currently in production,"3,117"
Alles was zählt,Soap opera,Germany,,15-Mar-06,Currently in production,"3,111"
Daughter in law (外来媳妇本地郎),"Soap opera, Drama",China,,2000,Currently in production,"3,101[57]"
Kalimera Zoi,"Soap opera, Drama",Greece,13,26-Nov-93,31-Mar-06,"3,093"
Jimmy Kimmel Live!,"Talk show, Variety show",United States,14,26-Jan-03,Currently in production,"3,048"
Imperial Album (皇室アルバム),Documentary,Japan,,4-Oct-59,Currently in production,"3,025[58]"
Los Venegas,Sitcom,Chile,21,1-May-89,27-Jun-11,"3,000+"
The Friendly Giant,Children's,"United States, Canada",,1953,Mar-85,"3,000[59]"
Family Feud,Game Show,United States,,12-Jul-76,Currently in production,"3,000[60]"
O Preço Certo,Game show,Portugal,,1990,Currently in production,"3,000+[61]"
Trupi dhe Shëndeti,Medicine Talk Show,Albania,,1962,Currently in production,"3,000+"
Aadade Aadharam,Telugu soap opera,India,1,26-Jan-09,Currently in production,"2,962"
Yoshimoto new comedy (よしもと新喜劇),Comedy,Japan,,Sep-62,Currently in production,"2,939[62]"
Man Bijt Hond – Flemish version,"Everyday life, Reportage",Belgium,16,1997,21-Jan-13,"2,935[63]"
Brookside,Soap opera,United Kingdom,,2-Nov-82,2-Nov-03,"2,915[64]"
Nodo Jiman (のど自慢),Music show,Japan,,15-Mar-53,Currently in production,"2,900"
Who Wants to Be a Millionaire – Syndicated,"Game show, Reality show",United States,,16-Sep-02,Currently in production,"2,885"
Yeh Rishta Kya Kehlata Hai,Soap opera,India,2,12-Jan-09,Currently in production,"2,825"
Na Wspólnej,Soap opera,Poland,15,23-Jan-03,Currently in production,"2,811"
Rote Rosen,Soap opera,Germany,15,6-Nov-06,Currently in production,"2,809"
Pierwsza miłość,Soap opera,Poland,13,4-Nov-04,Currently in production,"2,805"
Le Bébête Show,"Political satire, Puppet show",France,,10-Aug-82,1995,"2,800"
Savdhaan India,Crime show,India,,23-Apr-12,Currently in production,"2,750"
The Ellen DeGeneres Show,Talk show,United States,16,8-Sep-03,Currently in production,"2,740[65]"
Late Night with Conan O'Brien,"Talk show, Variety show",United States,14,13-Sep-93,20-Feb-09,"2,725"
Il pranzo è servito,Game Show,Italy,11,13-Sep-82,26-Jun-93,"2,721[56]"
TV donghwa hangbokhan sesang (TV동화 행복한 세상),Animation,South Korea,,30-Apr-01,Currently in production,"2,681"
Taarak Mehta Ka Ooltah Chashmah,Comedy,India,1,28-Jul-08,Currently in production,"2,657"
Radio Rochela,Comedy,Venezuela,51,1959,5-Apr-10,"2,652"
Morangos com Açúcar,"Soap opera, Teen drama",Portugal,9,30-Aug-03,15-Sep-12,"2,642"
Maury,Talk show,United States,23,9-Sep-91,Currently in production,"2,640+"
The One Show,Magazine,United Kingdom,,14-Aug-06,Currently in production,"2,628[66]"
Bis,Game Show,Italy,9,5-Oct-81,29-Jun-90,"2,600[56]"
Man Bijt Hond – Dutch version,"Everyday life, Reportage",The Netherlands,16,1999,2-Oct-15,"2,500+[67]"
Teleenciclopedia,Documentary,Romania,,1965,Currently in production,"2,500+"
Manasu Mamatha,Soap opera,India,8,21-Jul-11,Currently in production,"2,497"
The Big Breakfast,Breakfast Television,United Kingdom,,28-Sep-92,29-Mar-02,"2,482"
Sábado Gigante,Variety show,"Chile, United States",,8-Aug-62,19-Sep-15,"2,466[69]"
Tōkuheikitai (遠くへ行きたい),Travel,Japan,,4-Oct-70,Currently in production,"2,445[70]"
The Bill,Drama,United Kingdom,24,16-Aug-83,31-Aug-10,"2,425[71][72]"
Affari tuoi,Game Show,Italy,14,13-Oct-03,17-Mar-17,"2,400[56]"
Music Fair (ミュージツクフエア),Music,Japan,,31-Aug-64,Currently in production,"2,394"
En Familia con Chabelo,"Children's, Game show, Variety show",Mexico,,6-Dec-68,20-Dec-15,"2,359"
Pleasant Goat and Big Big Wolf (喜羊羊与灰太狼),Animated children's,China,29,3-Aug-05,Currently in production,"2,307"
Shoten (笑点),Comedy show,Japan,,15-May-66,Currently in production,"2,300"
Rachael Ray,Talk show,United States,12,18-Sep-06,Currently in production,"2,300"
Family Affairs,Soap opera,United Kingdom,,30-Mar-97,30-Dec-05,"2,285"
The Howard Stern Show,"Talk show, Variety show",United States,,20-Jun-94,8-Jul-05,"2,278[73]"
Top of the Pops – Weekly,Music Chart,United Kingdom,,1-Jan-64,30-Jul-06,"2,263 [A]"
Top of the Pops – Special,Music Chart,United Kingdom,,25-Dec-64,Currently in production,"2,263 [A]"
Balika Vadhu,Soap opera,India,1,21-Jul-08,31-Jul-16,"2,245"
Passions,Soap opera,United States,10,5-Jul-99,7-Aug-08,"2,231"
Crime Patrol,Crime show,India,,9-May-03,Currently in production,"2,210"
Súper Sábado Sensacional,Variety show,Venezuela,,6-Jan-68,Currently in production,"2,200+"
Dr. Phil,Talk show,United States,16,16-Sep-05,Currently in production,"2,191"
What's My Line?,Game show,United States,,2-Feb-50,Sep-75,"2,191"
Tukang Bubur Naik Haji The Series,Soap opera,Indonesia,1,28-May-12,8-Feb-17,"2,185"
Saath Nibhana Saathiya,Soap opera,India,4,3-May-10,23-Jul-17,"2,184"
Bucho Keiji (部長刑事),Drama,Japan,,6-Oct-58,30-Mar-02,"2,154"
Santa Barbara,Soap opera,United States,,30-Jul-84,15-Jan-93,"2,137"
Padres e Hijos,Soap opera,Colombia,,1991,2009,"2,137"
Super Sentai,Tokusatsu,Japan,40,5-Apr-75,Currently in production,"2,113"
Trace,Police crime drama,Russia,,3-Sep-07,Currently in production,"2,113"
Nintama Rantarō,Comedy,Japan,17,10-Apr-93,Currently in production,"2,093[74]"
Sasural Simar Ka,Drama,India,1,25-Apr-11,2-Mar-18,"2,063"
Welcome to Newly Weds! (新婚さんいらつしゃい!),"Talk show, Variety show",Japan,,31-Jan-71,Currently in production,"2,063"
106 & Park,Music video,United States,,11-Sep-00,19-Dec-14,"2,054[75]"
SpangaS,Soap opera,The Netherlands,11,3-Sep-07,Currently in production,"2,044"
TV Terakoya (テレビ寺子屋),Educational show,Japan,41,Apr-77,Currently in production,"2,038[76]"
Love Connection,Game show,United States,11,19-Sep-83,1-Jul-94,"2,000"
The Secret of Puente Viejo,Telenovela,Russia,,23-Feb-11,Currently in production,"2,000"
Barwy szczęścia,Soap opera,Poland,10,27-Sep-07,Currently in production,"1,984"
Pudhcha Paaul,Drama,India,1,2-May-11,30-Jun-17,"1,943"
Attack of the Show,Variety show,United States,,28-Mar-05,23-Jan-13,"1,941"
The Late Late Show with Craig Ferguson,"Talk show, Variety show",United States,,3-Jan-05,19-Dec-14,"1,936"
Tensai Quiz (天才クイズ),Game show,Japan,,6-Jul-67,25-Sep-04,"1,930"
Last Call with Carson Daly,Talk show,United States,17,8-Jan-02,Currently in production,"1,912"
El Cor de la Ciutat,Soap opera,Russia,9,11-Sep-00,23-Dec-09,"1,906[77]"
Putta Gowri Maduve,Soap opera,India,7,12-Mar-12,Currently in production,"1,905"
Chandra Mukhi,Drama,India,1,,,"1,850"
Lakshmi Baramma,Soap opera,India,6,3-Mar-13,Currently in production,"1,845"
Kyunki Saas Bhi Kabhi Bahu Thi,Soap opera,India,,6-Jul-00,6-Nov-08,"1,833[78]"
Plebania,Soap opera,Poland,12,5-Oct-00,27-Jan-12,"1,829"
The Talk,Talk show,United States,9,18-Oct-10,Currently in production,"1,820"
Late Night with David Letterman,"Talk show, Variety show",United States,,1-Feb-82,25-Jun-93,"1,819"
Понять.Простить,Series,Russia,,14-Aug-06,Currently in production,"1,800"
To Aganara Tulasi Mu,Soap opera,India,6,3-Jul-13,Currently in production,"1,790"
Doraemon,Comedy,Japan,,2-Apr-79,18-Mar-05,"1,787 [A]"
House Hunters,Reality,United States,147,7-Oct-99,Currently in production,"1,772"
Saravanan Meenatchi,Drama,India,1,7-Nov-11,17-Aug-18,"1,765"
Valli,Tamil soap opera,India,6,17-Dec-12,Currently in production,"1,765"
Sarabanda,"Variety Show, Game show",Italy,10,8-Sep-97,27-Jun-17,"1,757[56]"
Password – CBS run,Game show,United States,,2-Oct-61,22-May-67,"1,756"
Vani Rani,Tamil soap opera,India,3,21-Jan-13,8-Dec-18,"1,743"
Virginie,Teleroman,Canada,13,16-Sep-96,16-Dec-10,"1,740"
Ojarumaru,Comedy,Japan,,5-Oct-98,Currently in production,"1,737"
Somerset,Soap opera,United States,,30-Mar-70,31-Dec-76,"1,710"
Lindenstraße,Soap opera,Germany,,8-Dec-85,Currently in production,"1,702"
Chi vuol essere milionario?,Game Show,Italy,13,22-May-00,Currently in production,"1,691"
Kahaani Ghar Ghar Kii,Soap opera,India,,16-Oct-00,9-Oct-08,"1,661"
Ye Hai Mohabbatein,Drama,India,1,3-Dec-13,Currently in production,"1,658"
The Wendy Williams Show,Talk show,United States,10,14-Jul-08,Currently in production,"1,658"
Kopi Kade,Soap opera,Sri Lanka,,1-Apr-87,Currently in production,"1,658"
The Dr. Oz Show,Talk show,United States,8,14-Sep-09,Currently in production,"1,650"
De Fabeltjeskrant,Children's,The Netherlands,,29-Sep-68,4-Oct-92,"1,640"
Port Charles,Soap opera,United States,6,2-Jun-97,3-Oct-03,"1,633"
The Price Is Right,Game show,Australia,,7-Sep-81,19-Dec-12,"1,623"
Tukang Ojek Pengkolan,Soap opera,Indonesia,5,28-May-15,Currently in production,"1,620"
Al Fondo Hay Sitio,Soap opera,Peru,,30-Mar-09,5-Dec-16,"1,583"
Bellbird,Soap opera,Australia,,28-Aug-67,Dec-77,"1,562"
Samo Życie,Soap opera,Poland,9,12-Feb-02,30-Nov-10,"1,557"
Passaparola,Game Show,Italy,9,11-Jan-99,27-Jan-08,"1,553[56]"
Uttaran,Soap opera,India,,1-Dec-08,16-Jan-15,"1,549"
CID,Police thriller,India,1,2-Feb-98,27-Oct-18,"1,547[82][83]"
Kolangal,Tamil soap opera,India,,29-May-03,21-Dec-09,"1,533"
Kasthuri,Tamil soap opera,India,,21-Aug-06,12-Aug-12,"1,532"
Parasparam,Soap opera,India,,15-Sep-14,29-Aug-18,"1,524"
Chidiya Ghar,Sitcom,India,,5-Aug-11,2-Oct-17,"1,522"
F.I.R.,Sitcom,India,,31-Jul-06,23-Jan-15,"1,522"
Kapwa Ko Mahal Ko,Public Service,Philippines,,1-Dec-75,Currently in production,"1,500+"
The Marilyn Denis Show,Talk show,Canada,8,10-Jan-10,Currently in production,"1,500"
Who Wants to Be a Millionaire?—Hotseat,Game show,Australia,8,20-Apr-07,Currently in production,"1,500 [A]"
Diya Aur Baati Hum,Drama,India,2,29-Aug-11,10-Sep-16,"1,487"
Kalyana Parisu,Soap opera,India,,10-Feb-14,Currently in production,"1,480"
Beni Affet,Drama,Turkey,8,17-Oct-11,24-Dec-18,"1,477"
Big Brother UK,Reality show,United Kingdom,21,14-Jul-00,Currently in production,"1,468+"
Deivamagal,Soap opera,India,1,25-Mar-13,17-Feb-18,"1,466"
Kumkum – Pyara Sa Bandhan,Drama,India,1,15-Jul-02,13-Mar-09,"1,449"
The Colbert Report,"Satire comedy, News parody",United States,10,17-Oct-05,18-Dec-14,"1,447"
Soreike! Anpanman,Comedy,Japan,,3-Oct-88,Currently in production,"1,436"
Love Is a Many Splendored Thing,Soap opera,United States,,18-Sep-67,23-Mar-73,"1,430"
Hoka Hoka Kazoku,Comedy,Japan,,1-Oct-76,31-Mar-82,"1,428[84]"
Éjjel-nappal Budapest,Soap opera,Hungary,5,11-Feb-13,Currently in production,"1,427"
Pavitra Rishta,Soap opera,India,4,1-Jun-09,25-Oct-14,"1,424"
Kasautii Zindagii Kay(2001 series),Drama,India,,29-Oct-01,28-Feb-08,"1,423"
M jak miłość,Soap opera,Poland,18,4-Nov-00,Currently in production,"1,413"
Thalassa,Documentary,France,44,27-Sep-75,Currently in production,"1,400"
Wer wird Millionär?,Game show,Germany,,3-Nov-99,Currently in production,"1,397"
Kamen Rider,Tokusatsu,Japan,23,3-Apr-71,Currently in production,"1,396"
The Young Doctors,Soap opera,Australia,,8-Nov-76,31-Mar-83,"1,396"
Rashi,Soap opera,India,1,,31-Mar-16,"1,395"
The Chase,Game show,United Kingdom,10,29-Jun-09,Currently in production,"1,388"
Woh Rehne Waali Mehlon Ki,Drama,India,,30-May-05,20-Jan-11,"1,387"
X-Play,"Video game, Sketch comedy",United States,,4-Jul-98,23-Jan-13,"1,378"
W11 - Wydział Śledczy,Docu-crime,Poland,10,6-Sep-04,11-Jun-14,"1,377"
Dunia Terbalik,Soap opera,Indonesia,3,28-May-17,Currently in production,"1,368"
Mogali Rekulu,Telugu soap opera,India,1,18-Feb-08,24-May-13,"1,368"
Nadhaswaram,Tamil soap opera,India,1,19-Apr-10,9-May-15,"1,356"
Panelák,"Soap opera, Drama",Slovakia,16,18-Feb-08,30-Aug-17,"1,346"
Thendral,"Tamil soap opera, Drama",India,6,7-Dec-08,17-Jan-15,"1,340"
WWE Raw,Sports entertainment,United States,26,11-Jan-93,Currently in production,"1,347"
Bhabhi,Drama,India,,18-Mar-02,23-May-08,"1,328"
Mundhanai Mudichu,"Tamil soap opera, Drama",India,1,26-Apr-10,4-Apr-15,"1,325"
Sa Re Ga Ma Pa,Reality singing competition,India,28,1-May-95,Currently in production,"1,320[85]"
Anna Liza,"Telenovela, Drama",Philippines,,4-Feb-80,10-Apr-85,"1,317[86]"
Anandham,"Tamil soap opera, Drama",India,,24-Nov-03,27-Feb-09,"1,297"
Karuthamuthu,Soap opera,India,1,13-Aug-14,Currently in production,"1,295"
Deniz Yıldızı,Drama,Turkey,7,24-Aug-09,16-Oct-15,"1,287"
Kumkum Bhagya,Soap opera,India,1,15-Apr-14,Currently in production,"1,280"
Capitol,Soap opera,United States,,29-Mar-82,20-Mar-87,"1,270"
Ilavarasi,Tamil soap opera,India,,19-Jan-10,1-Nov-14,"1,263"
Brandpunt,Current Affairs,The Netherlands,,1959,12-Jun-18,"1,260[87]"
La rosa de Guadalupe,Soap opera,Mexico,,5-Feb-08,Currently in production,"1,240[88]"
Dark Shadows,Soap opera,United States,,27-Jun-66,2-Apr-71,"1,225"
Watatatow,Teen drama,Canada,13,17-Sep-91,21-Feb-05,"1,225"
Walt Disney,Animated cartoon,United States,53,27-Oct-54,Currently in production,"1,224"
Number 96,Soap opera,Australia,,13-Mar-72,11-Aug-77,"1,218"
Devyani,Drama,India,,19-Mar-12,11-Aug-16,"1,216"
Pyramid,Game show,United States,,1973,1988,"1,211 [A]"
Conan,"Talk show, Variety show",United States,8,8-Nov-10,Currently in production,"1,210"
The Rosie O'Donnell Show,Talk show,United States,6,10-Jun-96,27-Jun-02,"1,193"
Chibi Maruko-chan,Comedy,Japan,,8-Jan-95,Currently in production,"1,179"
Chandanamazha,Soap opera,India,1,12-Apr-13,4-Nov-17,"1,170"
Mara Clara,Soap opera,Philippines,2,17-Aug-92,14-Feb-97,"1,167"
Chiquititas,Telenovela,Argentina,8,7-Aug-95,30-Jun-01,"1,166 [A]"
Chiquititas 2006,Telenovela,Argentina,8,6-Apr-06,8-Dec-16,"1,166 [A]"
Sthreedhanam,Drama,India,,19-Mar-12,8-Dec-16,"1,143"
Mito Kōmon,Drama,Japan,37,4-Aug-69,19-Dec-11,"1,130"
Richard & Judy,Chat show,United Kingdom,,26-Nov-01,22-Aug-08,"1,129"
A Kindred Spirit,Soap opera,Hong Kong,,15-May-95,13-Nov-99,"1,128"
Złotopolscy,Soap opera,Poland,14,3-Jan-98,23-Dec-10,"1,121"
Deal or No Deal,Game show,Australia,,13-Jul-03,4-Oct-14,"1,120"
Soul Train,Music Performance,United States,35,2-Oct-71,25-Mar-06,"1,117"
The Sullivans,Soap opera,Australia,,1976,1983,"1,114"
Casualty,Medical drama,United Kingdom,33,6-Sep-86,Currently in production,"1,112"
Chakravakam,Telugu soap opera,India,1,3-Nov-03,15-Feb-08,"1,111"
Supermarket Sweep,Game show,United States,10,20-Dec-65,23-May-03,"1,111"
Baal Veer,"Dramedy, Fantasy, Action",India,2,8-Oct-12,4-Nov-16,"1,111"
Space Patrol,Science fiction,United States,5,9-Mar-50,26-Feb-55,"1,110"
Vasantham,Tamil soap opera,India,,3-Sep-07,27-Jan-12,"1,109"
Azhagi,Tamil soap opera,India,1,10-Oct-11,4-Mar-16,"1,101"
Državni posao,Comedy,Serbia,6,24-Sep-12,Currently in production,"1,100"
Country Calendar,Documentary,New Zealand,53,6-Mar-66,Currently in production,"1,100"
Avargal,Soap opera,India,,7-Jan-03,2-Nov-07,"1,100+"
Password – ABC run,Game show,United States,,5-Apr-71,27-Jun-75,"1,099"
Pointless,Game show,United Kingdom,14,24-Aug-09,Currently in production,"1,095"
Tatort,Crime drama,Germany,46,29-Nov-70,Currently in production,"1,081"
Kalavari Kodallu,Telugu soap opera,India,1,9-May-11,13-Dec-14,"1,073"
I-Witness: The GMA Documentaries,Documentary,Philippines,,21-Jan-99,Currently in production,"1,068[89]"
Bajaj Bajuri,Sitcom,Indonesia,,14-May-02,2006,"1,065"
A Country Practice,Soap opera,Australia,,1981,1993,"1,058"
Ordinace v růžové zahradě,Drama series,Czech Republic,8,6-Sep-05,Currently in production,"1,058"
Cops,Documentary,United States,30,11-Mar-89,Currently in production,"1,054"
Chelsea Lately,Talk show,United States,7,16-Jul-07,26-Aug-14,"1,048"
Dil Dosti Dance,Teen drama,India,,11-Apr-11,9-Jan-15,"1,044"
Pokémon,Action,Japan,20,1-Apr-97,Currently in production,"1,044"
Looney Tunes and Merrie Melodies,Animated cartoon,United States,,5-Jan-29,10-Jun-14,"1,043[90]"
Detektywi,Docu-crime,Poland,12,11-Nov-05,30-Nov-12,"1,040"
Merrie Melodies,Sitcom,United States,26,1931,1969,"1,035"
Amma,Soap opera,India,1,26-May-08,27-May-15,"1,017"
Magal,Tamil soap opera,India,,18-Oct-07,14-Oct-11,"1,015"
WWE SmackDown,Sports entertainment,United States,17,26-Aug-99,Currently in production,"1,022"
This Old House,Reality,United States,40,20-Feb-79,Currently in production,"1,003"
Ohio Valley Wrestling TV,Sports entertainment,United States,,1998,Currently in production,"1,002[92]"
Cinta Fitri,Soap opera,Indonesia,7,2-Apr-07,8-May-11,"1,002"
Kkusum,Drama,India,,14-May-01,30-Nov-05,"1,001[93]"
Cinemala,Comedy show,India,,1-Jan-93,2013,"1,001[94]"
Airtel Super Singer,Singing,India,6,28-Apr-06,Currently in production,"1,000+"
Lo que callamos las mujeres,Mexican anthology,Mexico,,Jan-00,2017,"1,000"
De Boomhut,Children's,"Belgium, Suriname",,1994,2007,"1,000[95]"
Candid Camera,"Hidden Camera, Reality",United States,38,1948,2014,"1,000+"
Big Brother Australia,Reality show,Australia,11,23-Apr-01,26-Nov-14,"1,000+"
The Late Late Show,"Talk show, Variety show",Ireland,52,6-Jul-62,Currently in production,"1,000+"
Chic-a-Go-Go,Music,United States,,May-96,Currently in production,"1,000"
Il gioco dei 9,Game Show,Italy,5,10-Oct-88,17-Dec-04,"1,553[56]"
Ukryta prawda,Docu soap,Poland,9,13-Feb-12,Currently in production,990
Crayon Shin-chan,Comedy,Japan,,13-Apr-92,Currently in production,985
Shop 'til You Drop,Game show,United States,10,8-Jul-91,27-May-05,980
Gag Concert,Sketch comedy,South Korea,5,4-Sep-99,Currently in production,980
Walang Tulugan with the Master Showman,Variety show,Philippines,,1-Feb-97,13-Feb-16,977
Doraemon—Current run,Comedy,Japan,,15-Apr-05,Currently in production,977 [A]
Sons and Daughters,Soap opera,Australia,,1981,1987,972
Late Night with Jimmy Fallon,"Talk show, Variety show",United States,5,2-Mar-09,7-Feb-14,969
Click,Magazine,United Kingdom,,6-Apr-00,Currently in production,960
Holby City,Medical drama,United Kingdom,20,12-Jan-99,Currently in production,957
Hamari Devrani,Soap opera,India,,26-May-08,3-Feb-12,951
Wittekerke,Soap opera,Belgium,15,31-Oct-93,26-Oct-08,949[96]
Muhtar's return,Crime,Russia,,12-Jan-04,Currently in production,942
The Paul O'Grady Show,"Chat show, Entertainment",United Kingdom,9,11-Oct-04,18-Dec-09,929
Detective Conan,Mystery,Japan,21,8-Jan-96,Currently in production,927
Goudkust,Soap opera,The Netherlands,6,11-Mar-96,28-Feb-01,925[97]
Schloss Einstein,Soap opera,Germany,14,4-Sep-98,Currently in production,922
Australia's Funniest Home Videos,Funny videos,Australia,24,29-Mar-90,8-Feb-14,900
Aayutha Ezhuthu,Debate show,India,1,3-Dec-13,Currently in production,899
Mister Rogers' Neighborhood,Children's,United States,31,19-Feb-68,31-Aug-01,895
Crown Court,Legal drama,United Kingdom,11,11-Oct-72,29-Mar-84,879
Dlaczego ja?,Docu-drama,Poland,12,15-Mar-10,Currently in production,877
"Kapamilya, Deal or No Deal",Game show,Philippines,5,5-Jun-06,17-Nov-16,875
Power Rangers,Children's,United States,24,28-Aug-93,Currently in production,875
Na Aana Is Des Laado,Drama,India,1,9-Mar-09,27-Jul-12,870
One Piece,Action,Japan,15,20-Oct-99,Currently in production,872
Saturday Night Live,Comedy,United States,43,11-Oct-75,Currently in production,859
Qubool Hai,Soap opera,India,4,25-Oct-12,23-Jan-16,856
Saat Phere - Saloni Ka Safar,Drama,India,1,17-Oct-05,29-May-09,854
Ang Probinsyano,Soap opera,Philippines,6,28-Sep-15,Currently in production,852
Doctor Who,Science fiction drama,United Kingdom,35,23-Nov-63,Currently in production,850 [A]
Bonne nuit les petits,Children puppet show,France,10,10-Dec-62,6-Jan-97,841
Elif,Drama,Turkey,4,15-Jul-14,Currently in production,839
In aller Freundschaft,Soap opera,Germany,,1998,Currently in production,838
Wansapanataym,Fantasy,Philippines,,22-Jun-97,Currently in production,834
Wedding Ring,Drama,Russia,,12-Nov-08,20-Jan-12,820
Devon Ke Dev...Mahadev,Mythological drama,India,4,18-Dec-11,14-Dec-14,820
Malanowski i partnerzy,Docu-crime,Poland,16,9-Feb-09,15-Feb-16,807
Zabranjena ljubav,Soap opera,Croatia,4,25-Oct-04,3-Nov-08,805
Z-Cars,Police drama,United Kingdom,,2-Jan-62,20-Sep-78,800
Kahiin to Hoga,Drama,India,,8-Sep-03,15-Feb-07,799
Samson en Gert,Children's,Belgium,18,2-Sep-90,15-Apr-17,797
The Alan Titchmarsh Show,Chat show,United Kingdom,15,3-Sep-07,14-Nov-14,790
"Mujer, Casos de la Vida Real",Soap opera,Mexico,,11-May-85,2007,780+
The Electric Company,Children's,United States,6,25-Oct-71,15-Apr-77,780
Yo soy Bea,Telenovela,Russia,,10-Jul-06,16-Aug-09,773
The Sky at Night,Science show,United Kingdom,,24-Apr-57,Currently in production,772[98]
Brousko,Soap opera,Greece,4,29-Sep-13,Currently in production,772
Ефросинья,Drama,Russia,,12-Oct-10,20-Feb-13,758
Rated K,"Magazine, Lifestyle",Philippines,,16-May-04,Currently in production,757
Sunset Beach,Soap opera,United States,,6-Jan-97,31-Dec-99,755
TNA Impact Wrestling,Sports entertainment,United States,14,4-Jun-04,Currently in production,755
WWE Bottom Line,Sports entertainment,United States,,24-May-02,Currently in production,753
WWE After Burn,Sports entertainment,United States,,25-May-02,Currently in production,750
Õnne 13,Drama,Estonia,24,30-Oct-93,Currently in production,750
Kasamh Se,Soap opera,India,,16-Jan-06,12-Mar-09,745
Dejémonos de vainas,Sitcom,Colombia,,1983,16-Aug-98,741
Sapna Babul Ka...Bidaai,Soap opera,India,,8-Oct-07,13-Nov-10,739
"Kapuso Mo, Jessica Soho",News Magazine,Philippines,,7-Nov-04,Currently in production,735
Na dobre i na złe,Medical drama,Poland,18,7-Nov-99,Currently in production,728
Monday Night Football,Sports,United States,,21-Sep-70,Currently in production,718
E Street,Soap opera,United Kingdom,,Jan-89,May-93,716
Kaahin Kissii Roz,"Soap opera, Thriller",India,,23-Apr-01,23-Sep-04,715
Big Brother,Reality show,United States,18,5-Jul-00,Currently in production,706
Erotas,"Soap opera, Drama",Greece,3,8-Sep-05,30-May-08,700
Caméra Café,Sitcom,France,,Sep-01,Dec-03,700
Banoo Main Teri Dulhann,Soap opera,India,1,27-Aug-06,29-May-09,700
Yahaaan Main Ghar Ghar Kheli,Drama,India,1,17-Nov-09,13-Jul-12,697
Prisoner,Soap opera,Australia,8,27-Feb-79,11-Dec-86,692
Shagun,Drama,India,,2001,2004,688
Verano del '98,Telenovela,Argentina,3,26-Jan-98,17-Nov-00,679
Boonie Bears,Animated cartoon,China,9,22-Jan-12,Currently in production,676
The Late Show With Stephen Colbert,"Talk show, Satire comedy",United States,4,8-Sep-15,Currently in production,671
America's Funniest Home Videos,Funny videos,United States,29,14-Jan-90,Currently in production,670
Pyaar Ka Dard Hai Meetha Meetha Pyaara Pyaara,Soap opera,India,22,18-Jun-12,1-Nov-14,663
Vera sto Dexi,Soap opera,Greece,3,2004,2007,655
The Simpsons,Animated sitcom,United States,30,17-Dec-89,Currently in production,649
Verliebt in Berlin,Telenovela,Germany,2,28-Feb-05,12-Oct-07,645
Bade Achhe Lagte Hain,Soap opera,India,1,30-May-11,10-Jul-14,644
Gunsmoke,Western,United States,20,10-Sep-55,31-Mar-75,635
Sędzia Anna Maria Wesołowska,Court show,Poland,12,6-Mar-06,19-Dec-11,634
Esperanza,"Drama, Romance",Philippines,,17-Feb-97,30-Jul-99,633
Be Careful With My Heart,Dramedy,Philippines,3,9-Jul-12,28-Nov-14,622
Holiday,Travel,United Kingdom,,2-Jan-69,19-Mar-07,622
Texas,Soap opera,United States,,4-Aug-80,31-Dec-82,617
Pipo de clown,Children's,The Netherlands,,17-Sep-58,26-May-68,608[99]
Who Wants to Be a Millionaire?,"Game show, Reality show",United Kingdom,32,4-Sep-98,Currently in production,605
Bright Promise,Soap opera,United States,,29-Sep-69,31-Mar-72,605
The Real World,Reality,United States,32,21-May-92,Currently in production,602
Grange Hill,"Drama, Soap opera",United Kingdom,,8-Feb-78,15-Sep-08,601
@Midnight,"Comedy, Quiz show",United States,,21-Oct-13,4-Aug-17,600
Ghar Ki Lakshmi Betiyann,Soap opera,India,1,26-Sep-06,29-Aug-09,595
Lassie,Drama,United States,22,12-Sep-54,24-Mar-73,588
Yagit,Family drama,Philippines,,25-Apr-83,2-Aug-85,586
Cop Shop,Soap opera,Australia,,1977,1984,582
American Idol,Reality show,United States,16,11-Jun-02,Currently in production,574[100]
Sasural Genda Phool,Soap opera,India,1,1-Mar-10,21-Apr-12,573
Baa Bahoo Aur Baby,Dramedy,India,2,5-Aug-05,21-Feb-10,559[101]
Survivor,Reality based Competition,United States,36,31-May-00,Currently in production,554
Double Dare – Original run,Children's game show,United States,,6-Oct-86,Feb-93,547 [A]
Double Dare – Revival run,Children's game show,United States,,2000,2000,547 [A]
Watch Mr. Wizard,Educational,United States,,1951,1972,547
Iss Pyaar Ko Kya Naam Doon?...Ek Baar Phir,Soap opera,India,2,26-Aug-13,13-Jun-15,542
Świat według Kiepskich,Sitcom,Poland,29,16-Mar-99,Currently in production,540
Velmi křehké vztahy/Rodinná pouta,Soap opera,Czech Republic,8,23-Mar-04,17-Dec-10,540
Pawn Stars,Reality,United States,15,19-Jul-09,Currently in production,539
Mula sa Puso,Soap opera,Philippines,,10-Mar-97,9-Apr-99,538
Thomas & Friends,Children's,United Kingdom,20,4-Sep-84,Currently in production,537
Temptation,Game show,Australia,4,30-May-05,23-Jan-09,535
La Bloc,"Comedy, Sitcom",Romania,16,15-Sep-02,25-Oct-08,528
You Bet Your Life,"Comedy, Quiz show",United States,16,5-Oct-50,21-Sep-61,528
The Unforgettable Memory (意難忘),Soap opera,Taiwan,,21-May-04,28-Sep-06,526[102][103]
Kraft Television Theatre,Drama anthology,United States,11,7-May-47,1-Oct-58,525
TOTP2,Archive chart music,United Kingdom,,7-Feb-94,Currently in production,524
Bandini,Soap opera,India,1,19-Jan-09,29-Jan-11,520
Ek Hazaaron Mein Meri Behna Hai,Soap opera,India,1,3-Oct-11,13-Sep-13,515
Top Gear – first run,Motoring,United Kingdom,45,22-Apr-77,17-Dec-01,515
A Flame in the Wind,Soap opera,United States,,28-Dec-64,19-Dec-66,515
Peyton Place,Soap opera,United States,,15-Sep-64,2-Jun-69,514
WWE Heat,Sports entertainment,United States,10,2-Aug-98,30-May-08,513
Jyoti,Soap opera,India,,16-Feb-09,27-Nov-10,511
Saan Ka Man Naroroon,Soap opera,Philippines,2,12-Apr-99,23-Mar-01,511
Homicide,Police drama,Australia,,20-Oct-64,Jan-77,510
Blue Heelers,Police drama,Australia,13,18-Jan-94,4-Jun-06,510
Zindagi Ki Mehek,Soap opera,India,1,19-Sep-16,1-Sep-18,505
Arka Sokaklar,"Crime, Drama",Turkey,12,17-Jul-06,Currently in production,502
E! True Hollywood Story,"Entertainment, Documentary",United States,17,1996,Currently in production,501
Sa Dulo Ng Walang Hanggan,Soap opera,Philippines,,26-Mar-01,28-Feb-03,501
CMT Most Wanted Live,Music video,United States,,28-May-01,3-Apr-04,500+
Naruto Shippuden,Action,Japan,21,15-Feb-07,23-Mar-17,500 [A]
Kana Kaanum Kaalangal,Soap opera,India,1,30-Oct-06,25-Apr-08,500+
"Wedden, dat..?","Game show, Talk show",The Netherlands,11,1986,1999,500[104]
WWE Experience,Sports entertainment,United States,,2-May-04,Currently in production,499
Have I Got News for You,Comedy panel game,United Kingdom,54,28-Sep-90,Currently in production,497
Воронины,Sitcom,Russia,,16-Nov-09,Currently in production,494
All Saints,Drama,Australia,12,24-Feb-98,27-Oct-09,494[105]
The Adventures of Luntik and his friends,Animated series,Russia,,1-Sep-06,Currently in production,492
Tita Tovenaar,Children's,The Netherlands,,1-Oct-72,1-Jun-74,490[106]
Country Love [zh] series (乡村爱情),Soap opera,China,9,30-Sep-06,10-Sep-18,489
GeGeGe no Kitaro – Original series,Action,Japan,6,3-Jan-68,Currently in production,489 [A]
Streets of Broken Lights,Detective series,Russia,,4-Jan-98,Currently in production,484
Non è mai troppo tardi,Educational,Italy,,15-Nov-60,1968,484
Real Time with Bill Maher,"Talk show, Variety show",United States,15,21-Feb-03,Currently in production,484
Sous le soleil,Soap opera,France,,1996,28-Dec-08,480
Sajan Re Jhoot Mat Bolo,Sitcom,India,,14-Dec-09,6-Jan-12,478
Pangako Sa ’Yo,"Drama, Romance",Philippines,,13-Nov-00,20-Sep-02,476
De Ideale Wereld,"Talk show, News satire",Belgium,12,31-Aug-13,Currently in production,470
Generations,Soap opera,United States,,27-Mar-89,25-Jan-91,470
Mamta,Drama,India,1,28-Feb-06,25-Oct-07,457
Adaalat,Courtroom drama,India,2,20-Nov-10,4-Sep-16,457
Alfred Hitchcock Presents,"Drama, Mystery, Melodrama",United States,14,2-Oct-55,10-May-65,456
Des racines et des ailes,Documentary,France,22,26-Nov-97,Currently in production,449
The X Factor,Talent Show,United Kingdom,15,4-Oct-04,Currently in production,445
Law & Order,Drama,United States,20,13-Sep-90,24-May-10,456
Bulbulay,Sitcom,Pakistan,11,22-Oct-08,Currently in production,456
Dragnet – Original series,Drama,United States,8,1951,1959,450 [A]
Dragnet – Second run,Drama,United States,8,1967,1970,450 [A]
Dragnet – Third run,Drama,United States,8,1989,1991,450 [A]
Dragnet – Final run,Drama,United States,8,2003,2004,450 [A]
Kis Desh Mein Hai Meraa Dil,Soap opera,India,,3-Mar-08,5-Feb-10,444
Saraswatichandra,Soap opera,India,,25-Feb-13,20-Sep-14,444
Law & Order: Special Victims Unit,Drama,United States,20,20-Sep-99,Currently in production,446
Virtues of Harmony II,Sitcom,Hong Kong,,5-May-03,22-Jan-05,443
Çocuklar Duymasın,Comedy,Turkey,8,16-Jan-02,Currently in production,443
Chakravartin Ashoka Samrat,Historical drama,India,1,2-Feb-15,7-Oct-16,442
The Magic Roundabout,Children's,France,,18-Oct-65,Jan-77,441
Nada personal,Telenovela,Mexico,,20-May-96,6-Jun-97,440
Rebelde,Telenovela,Mexico,,21-Mar-05,15-Dec-06,440
ICI Laflaque,Satire,Canada,,Jun-04,31-Mar-19,439
Dancing with the Stars,Reality show,United States,27,1-Jun-05,Currently in production,437
The Adventures of Ozzie and Harriet,Sitcom,United States,14,3-Oct-52,3-Sep-66,435
Sa Puso Ko Iingatan Ka,Soap opera,Philippines,,18-Jun-01,14-Feb-03,433
Breakers,Soap opera,Australia,,2-Feb-98,3-Nov-99,430
Bonanza,Western,United States,14,12-Sep-59,19-Jan-73,430
Return to Peyton Place,Soap opera,United States,,3-Apr-72,4-Jan-74,426
Ikaw Lang Ang Mamahalin,Drama,Philippines,,26-Mar-01,1-Nov-02,426
Demain nous appartient,Soap Opera,France,2,7-Oct-17,Currently in production,425
Teletubbies,Children's,United Kingdom,,31-Mar-97,Currently in production,425
The Challenge,Reality,United States,33,1-Jun-98,Currently in production,424
Oggy and the Cockroaches,Animated children's show,France,6,28-Nov-98,Currently in production,423
The Smurfs,Animated children's show,"Belgium, United States",9,12-Sep-81,25-Aug-90,421
Dream Team,Drama,United Kingdom,,14-Oct-97,3-Jun-07,419
The Half Sisters,Drama,Philippines,,9-Jun-14,15-Jan-16,418
Parichay,Soap opera,India,1,9-Aug-11,15-Mar-13,415
Kayamath,"Romance, Soap opera",India,,19-Feb-07,Mar-08,411
Saas Bina Sasural,Comedy-drama,India,1,18-Oct-10,6-Sep-12,411
"Un, dos, tres... responda otra vez",Game show,Russia,10,24-Apr-72,11-Jun-04,411
De Bereboot,Children's,The Netherlands,,2-Oct-76,30-Sep-78,407[108]
Amrit Manthan,Thriller drama,India,1,26-Feb-12,2-Aug-13,405
Tenali Rama,Historical Comedy Drama,India,2,11-Jul-17,Currently in production,405
E Street,Soap opera,Australia,,Jan-89,May-83,404
Forensic Files,True crime,United States,15,1-Aug-95,16-Oct-16,404
Het Huis Anubis,Teen Drama,Belgium,4,26-Sep-06,4-Dec-09,404[110]
,Mystery,The Netherlands,,,,
The Joy of Painting,Educational,United States,31,11-Jan-83,17-May-94,403
Ityadi,Magazine,Bangladesh,,1994,Currently in production,400[111]
Pustolov,Comedy,Yugoslavia,,1996,2003,400
Yeh Zindagi Hai,Soap opera,Pakistan,2,12-May-08,2013,400+
Những phóng viên vui nhộn,Sitcom,Vietnam,1,2011,2012,400
Baba Aiso Varr Dhoondo,Drama,India,,20-Sep-10,12-Apr-12,399
Iss Pyaar Ko Kya Naam Doon?,Soap opera,India,,6-Jun-11,30-Nov-12,398
Verdades Ocultas,Drama,Chile,4,24-Jul-17,Currently in production,398
ECW Hardcore TV,Professional wrestling,United States,,6-Apr-93,31-Dec-00,397
Moomins,"Animated children's show, Stop motion, Live-action","Finland, Sweden, Japan, The Netherlands, Germany, Poland, United Kingdom",11,1959,Currently in production,396[112]
The Nurses,Soap opera,United States,,27-Sep-65,31-Mar-67,395
Scooby-Doo,Comedy,United States,20,20-Sep-68,Currently in production,392
Spring,Soap Opera,Belgium,6,2-Dec-02,28-Mar-08,390
The Voice,Reality singing competition,United States,15,16-Apr-11,Currently in production,388
The Beachcombers,"Comedy, Drama",Canada,19,1-Oct-72,Apr-90,387[113]
Degrassi: The Next Generation,Teen drama,Canada,14,14-Oct-01,2-Aug-15,385[114]
Ika-6 na Utos,"Drama, Revenge",Philippines,,5-Dec-16,17-Mar-18,383
Parvarrish – Kuchh Khattee Kuchh Meethi,Soap opera,India,1,21-Nov-11,14-Aug-13,381
Doble Kara,Drama,Philippines,6,24-Aug-15,10-Feb-17,381
Bob the Builder,Children's,United Kingdom,20,12-Apr-99,Currently in production,379
My Three Sons,Sitcom,United States,12,29-Sep-60,24-Aug-72,378
L'Auberge du chien noir,Drama,Canada,14,6-Jan-03,26-Mar-17,376
Heartbeat,Crime drama,United Kingdom,18,12-Apr-92,12-Sep-10,372[115]
Kochira Katsushika-ku Kameari Kōen-mae Hashutsujo,Comedy,Japan,,16-Jun-96,2005,367
Home with Kids (家有儿女),Drama,China,,12-Feb-05,2007,367
Bleach,Action,Japan,15,5-Oct-04,27-Mar-12,366
HaShir Shelanu,"Musical, Comedy, Drama",Israel,4,21-Mar-04,24-Apr-07,366
NCIS,Police procedural,United States,16,23-Sep-03,Currently in production,362[116]
"Tu Sooraj Main Saanjh,Piyaji",Soap opera,India,2,3-Apr-17,1-Jun-18,365
Clase 406,Telenovela,Mexico,4,2002,2003,365
Best Selling Secrets,Sitcom,Hong Kong,,12-Mar-07,7-Aug-08,364
Das Haus Anubis,"Teen Drama, Mystery","Belgium, Germany",3,29-Sep-09,4-May-12,364
Kuch Toh Log Kahenge,Drama,India,1,3-Oct-11,28-Mar-13,361
The Mickey Mouse Club,"Children's, Variety Show",United States,14,3-Oct-55,7-Mar-96,360
Sgt. Frog,Sitcom,Japan,5,3-Apr-04,4-Apr-11,358
Carrusel,"Telenovela, Drama, Comedy",Mexico,1,1989,1989,358
Dallas – Miniseries,Soap opera,United States,14,2-Apr-78,30-Apr-88,357 [A]
Dallas – Weekly,Soap opera,United States,14,23-Sep-78,3-May-91,357 [A]
Who Wants to Be a Millionaire – Primetime,"Game show, Reality show",United States,,16-Aug-99,2002,356
Blind Date,Dating game show,United Kingdom,18,30-Nov-85,12-Apr-03,356
Rove,Talk Show,Australia,11,22-Sep-99,15-Nov-09,354
The Amazing Race,Reality game show,United States,30,5-Sep-01,Currently in production,353[118]
The City,Soap opera,United States,,13-Nov-95,28-Mar-97,352
Tiệm bánh Hoàng tử bé,Sitcom,Vietnam,2,2013,2014,352
The Danny Thomas Show,Sitcom,United States,11,29-Sep-53,14-Sep-64,351
Kasturi,Drama,India,1,23-Apr-07,31-Mar-09,350
Kud puklo da puklo,"Telenovela, Comedy, Romance",Croatia,2,15-Sep-14,9-Jun-16,350
Kkavyanjali,Drama,India,1,25-Jan-05,26-Aug-06,350
Cuentame como pasó,Telenovela,Russia,19,13-Sep-01,Currently in production,348
Larin izbor,Telenovela,Croatia,2,4-Sep-11,3-Jul-13,347
Alarm für Cobra 11 – Die Autobahnpolizei,"Action, Crime drama",Germany,22,12-Mar-96,Currently in production,347[119]
De Kotmadam,Sitcom,Belgium,24,30-Dec-91,Currently in production,346
Lingo,Game show,United States,7,5-Aug-02,29-Jun-07,345
Knots Landing,Soap opera,United States,14,27-Dec-79,13-May-93,344
Byker Grove,"Drama, Soap opera",United Kingdom,18,8-Nov-89,10-Dec-06,344
The Price Is Right,Game show,United Kingdom,15,24-Mar-84,12-Jan-07,340+
Sajan Re Phir Jhooth Mat Bolo,Sitcom,India,1,23-May-17,14-Sep-18,340 [A]
Ruža vjetrova,Soap opera,Croatia,2,4-Sep-11,3-Jul-13,340
Gia đình phép thuật,Children's,Vietnam,,22-Feb-09,Jul-11,340
CSI: Crime Scene Investigation,Crime drama,United States,15,6-Oct-00,27-Sep-15,337[120]
Szomszédok,Soap opera,Hungary,,1987,1999,331
Kiteretsu Daihyakka,Science fiction,Japan,,27-Mar-88,9-Jun-96,331
Kaisa Ye Pyar Hai,Drama,India,,29-Mar-05,5-Oct-06,331
ER,Drama,United States,15,19-Sep-94,2-Apr-09,331
MADtv,Comedy,United States,15,14-Oct-95,16-May-09,329
Rodzina zastępcza,"Comedy, family drama",Poland,17,23-Feb-99,20-Dec-09,329
Grey's Anatomy,Medical drama,United States,15,27-Mar-05,Currently in production,327
America's Got Talent,Talent Show,United States,13,21-Jun-06,Currently in production,326
Dil Se Di Dua... Saubhagyavati Bhava?,Psychological drama,India,,18-Dec-11,18-Jan-13,326
A World Apart,Soap opera,United States,,30-Mar-70,25-Jun-71,325
"Mary Hartman, Mary Hartman",Soap opera,United States,2,6-Jan-76,10-May-77,325
Y?,Children's education,Australia,5,1999,2002,325
Weakest Link – Syndicated,Game show,United States,2,2002,2003,324
Kitani Mohabbat Hai,Soap opera,India,2,19-Jan-09,26-May-11,323
Virtues of Harmony,Soap opera,Hong Kong,,17-Sep-01,28-Dec-02,322
Święta wojna,Sitcom,Poland,10,23-Jan-00,9-May-09,322
Oppassen!!!,Sitcom,The Netherlands,15,9-Mar-91,22-Feb-03,321
Anderson Live,Talk show,United States,2,12-Sep-11,20-May-13,320
Families,Soap opera,United Kingdom,,23-Apr-90,24-Aug-93,320
Something in the Air,Soap opera,Australia,,17-Jan-00,2-May-02,320
Night and Day,Soap opera,United Kingdom,1,2001,2003,320
Family Guy,Animated sitcom,United States,17,31-Jan-99,Currently in production,320
Timewatch,History,United Kingdom,,29-Sep-82,Currently in production,319[121]
Villa Quintana,"Drama, Romance",Philippines,,6-Nov-95,24-Jan-97,318
Rederiet,Soap opera,Sweden,20,20-Aug-92,18-Apr-02,318
Train 48,Soap opera,Canada,,2-Jun-03,1-Jul-05,318
Najbolje godine,Soap opera,Croatia,2,14-Sep-09,3-Jun-11,318
Marvel Cinematic Universe,Superhero,United States,23,24-Sep-09,Currently in production,317[A]
Dr. Slump – Original series,Comedy,Japan,,8-Apr-81,19-Feb-86,317 [A]
Dr. Slump – Second series,Comedy,Japan,,26-Nov-97,22-Sep-99,317 [A]
A Herdeira,Telenovela,Portugal,,24-Sep-17,3-Sep-18,314[122]
Criminal Minds,Police procedural,United States,14,22-Sep-05,Currently in production,314[123]
Amrutham,Comedy,India,3,18-Nov-01,18-Nov-07,313
Perdona nuestros pecados,Drama,Chile,2,6-Mar-17,22-Aug-18,312
Iron Chef,Cooking Show,Japan,,10-Oct-93,24-Sep-00,307
Dill Mill Gayye,"Medical drama, Romance",India,,20-Aug-07,29-Oct-10,304
"Maria, i Aschimi",Telenovela,Greece,2,1-Jan-07,23-Jun-08,303
La Fea Más Bella,Telenovela,Mexico,,23-Jan-06,25-Feb-07,302
Division 4,Soap opera,Australia,,1969,1975,301
Ein Fall für zwei,Crime drama,Germany,31,11-Sep-81,29-Mar-13,300
Ramayan,Mythological drama,India,,21-Jan-08,26-Jun-09,300
Bazm E Tariq Aziz,Game show,Pakistan,,1975,Currently in production,300+
The Red Green Show,Comedy,Canada,14,1991,7-Apr-06,300
Hospital Central,Drama,Russia,20,30-Apr-00,27-Dec-12,300
Sinterklaasjournaal,Children's,The Netherlands,,12-Nov-01,Currently in production,321[125]
Kurtlar Vadisi Pusu,Drama,Turkey,10,19-Apr-07,16-Apr-16,300
MLB Network,Sports,United States,,1-Jan-09,Currently in production,300
Univer. New Dorm,Sitcom,Russia,,10-Oct-11,1-Oct-18,300
Supernatural,"Supernatural action, drama, horror",United States,14,13-Sep-05,Currently in production,300
Sapnon Se Bhare Naina,Soap opera,India,1,20-Dec-10,3-Feb-12,299
Who Wants to Be a Millionaire?—Original series,Game show,Australia,9,18-Apr-99,3-Apr-06,298 [A]
Sana'y Wala Nang Wakas,Soap opera,Philippines,,19-May-03,9-Jul-04,298
South Park,Animated sitcom,United States,22,13-Aug-97,Currently in production,297[126]
Where in the World Is Carmen Sandiego?,Children's game show,United States,5,30-Sep-91,4-Oct-96,296
"Beverly Hills, 90210","Teen drama, Soap opera",United States,10,4-Oct-90,17-May-00,296
Kabouter Plop,Children's,Belgium,,27-Aug-97,Currently in production,295
Last of the Summer Wine,Sitcom,United Kingdom,31,12-Nov-73,29-Aug-10,295
ChuckleVision,Children's,United Kingdom,21,26-Sep-87,18-Dec-09,292
Tainy Sledstviya,Crime,Russia,,1-Sep-00,Currently in production,292
På spåret,Game show,Sweden,28,5-Sep-87,Currently in production,291
The George Burns and Gracie Allen Show,Sitcom,United States,8,12-Oct-50,15-Sep-58,291
Dragon Ball Z,Action,Japan,7,26-Apr-89,31-Jan-96,291
Class of 74,Soap opera,Australia,,Mar-74,1975,290
"Como tú, ninguna",Telenovela,Venezuela,1,7-Dec-94,7-Nov-95,289
Deutschland sucht den Superstar,Talent Show,Germany,14,1-Oct-02,Currently in production,289
El Chavo del Ocho,Sitcom,Mexico,8,20-Jun-71,6-Jan-80,289
Hey Dad..!,Sitcom,Australia,8,11-Feb-87,17-Aug-94,289
Sana Ay Ikaw Na Nga,Drama,Philippines,,3-Dec-01,10-Jan-03,288
So You Think You Can Dance,Interactive reality competition,United States,15,20-Jul-05,Currently in production,288
"Tata, a Marcin powiedział",Comedy,Poland,7,1993,2000,287
HaAlufa,Drama,Israel,3,2-Apr-06,23-Dec-09,287
Anna Karenina,Drama,Philippines,,10-Nov-96,28-Apr-02,286
Lopez Tonight,"Talk show, Variety show",United States,2,9-Nov-09,12-Aug-11,286
Pororo the Little Penguin,Animated cartoon,South Korea,7,17-Nov-03,Currently in production,286
WCW Monday Nitro,Professional wrestling,United States,,4-Sep-95,26-Mar-01,284
Wagon Train,Western,United States,8,18-Sep-57,2-May-65,284
Adventure Time,Animated children's show,United States,10,5-Apr-10,3-Sep-18,283[127]
Mythbusters,Documentary Educational,United States,15,23-Jan-03,5-Mar-16,282[128]
Doce Fugitiva,Telenovela,Portugal,,23-Oct-06,16-Sep-07,282[129]
Derrick,Crime drama,Germany,25,20-Oct-74,16-Oct-98,281
Let's Make a Deal,Game show,"United States, Canada",,30-Dec-63,2003,281
Never Mind the Buzzcocks,Comedy panel game,United Kingdom,28,12-Nov-96,15-Jan-15,281[130]
El Amor no Tiene Precio,Telenovela,"Mexico, United States",1,26-Sep-05,20-Oct-06,280
Hawaii Five-O,Drama,United States,12,26-Sep-68,26-Apr-80,279
SMTV Live,Children's,United Kingdom,,29-Aug-98,27-Dec-03,279
Lola,Soap opera,Chile,3,26-Sep-07,4-Nov-08,276
Kya Huaa Tera Vaada,Soap opera,India,1,30-Jan-12,23-May-13,276
The Donna Reed Show,Sitcom,United States,8,24-Sep-58,19-Mar-66,275
Cheers,Sitcom,United States,11,30-Sep-82,20-May-93,275
Hell's Kitchen,Reality show,United States,18,30-May-05,Currently in production,275
The Beverly Hillbillies,Sitcom,United States,9,26-Sep-62,7-Sep-71,274
Inside the Actors Studio,Talk show,United States,22,14-Aug-94,Currently in production,274
Beyhadh,"Thriller, Romance",India,2,11-Oct-16,27-Oct-17,273
F.C. De Kampioenen,Sitcom,Belgium,21,6-Oct-90,26-Feb-11,273
Perry Mason,Drama,United States,9,21-Sep-57,22-May-66,271
Tamagotchi!,Animated children's show,Japan,,12-Oct-09,26-Mar-15,271
American Pickers,Reality show,United States,19,18-Jan-10,Currently in production,270
Muñeca Brava,Telenovela,Argentina,,1998,1999,270
Kadenang Kristal,Drama,Philippines,,31-Jul-95,9-Aug-96,268
Mahabharat,Mythology,India,,16-Sep-13,16-Aug-14,267
De wereld van K3,Children's,Belgium,10,2003,2013,265
Rosh Gadol,Drama,Israel,5,7-Nov-04,Currently in production,265
The Big Bang Theory,Sitcom,United States,12,24-Sep-07,Currently in production,265
Frasier,Sitcom,United States,11,16-Sep-93,13-May-04,264
"Murder, She Wrote",Drama,United States,12,30-Sep-84,19-May-96,264
Peppa Pig,Animated series,United Kingdom,13,31-May-05,Currently in production,264
Mia Gracia,Drama,Philippines,,12-Aug-96,15-Aug-97,263
Married... with Children,Sitcom,United States,11,5-Apr-87,8-Jun-97,263
May Bukas Pa,Drama,Philippines,,2-Feb-09,5-Feb-10,263
NYPD Blue,Drama,United States,12,21-Sep-93,1-Mar-05,262[131]
Two and a Half Men,Sitcom,United States,12,22-Sep-03,19-Feb-15,262
Pratos Combinados,Comedy,Russia,14,1-Dec-95,24-May-06,262
Carosello,Entertainment,Italy,,3-Jan-57,1-Jan-77,261
Regular Show,Sitcom,United States,7,6-Sep-10,16-Jan-17,261[132]
Paradise Beach,Soap opera,Australia,,1993,1994,260
Mopatop's Shop,Children's,"United Kingdom, United States",4,1999,2004,260
Son Pari,Children's,India,1,23-Nov-00,1-Oct-03,260
The Tribe,"Teen drama, Science fiction",New Zealand,5,24-Apr-99,6-Sep-03,260
El Chapulín Colorado,Sitcom,Mexico,8,1-Sep-72,14-Oct-79,260
Storage Wars,Reality,United States,11,1-Dec-10,Currently in production,259
King of the Hill,Sitcom,United States,13,12-Jan-97,13-Sep-09,259
Wildflower,"Drama, Revenge",Philippines,4,13-Feb-17,9-Feb-18,257
Bananasplit,"Hidden Camera, Reality",The Netherlands,32,1980,21-Feb-15,256
Miss Mermaid,"Drama, Family",South Korea,,24-Jun-02,17-Jun-03,256
Rick Mercer Report,"Satire comedy, News parody",Canada,15,12-Jan-04,10-Apr-18,255
Happy Days,Sitcom,United States,11,14-Jan-74,12-Jun-84,255
Tyler Perry's House of Payne,Sitcom,United States,8,21-Jun-06,10-Aug-12,254
Bewitched,Sitcom,United States,8,17-Sep-64,1-Jul-72,254
The Jeffersons,Sitcom,United States,11,18-Jan-75,25-Jun-85,253
Wildlife on One,Documentary,United Kingdom,33,6-Jan-77,17-Feb-05,253
Kaajjal,Drama,India,1,9-Oct-06,20-Dec-07,252
Gata Salvaje,Drama,Venezuela,1,16-May-02,2-May-03,252
M*A*S*H,Sitcom,United States,11,17-Sep-72,28-Feb-83,251
Jasuben Jayantilaal Joshi Ki Joint Family,Comedy drama,India,,21-Jan-08,28-Mar-09,250
"Kocka, kocka, kockica",Children's education,Yugoslavia,,27-Nov-74,2006,250
Rehna Hai Teri Palkon Ki Chhaon Mein,Drama,India,,17-Aug-09,17-Sep-10,250
The Andy Griffith Show,Sitcom,United States,8,3-Oct-60,1-Apr-68,249
The Love Boat,Sitcom,United States,9,24-Sep-77,24-May-86,249
The Virginian,Western,United States,9,19-Sep-62,24-Mar-71,249
WWE A.M. Raw,Sports entertainment,United States,,8-Oct-05,Currently in production,249[133]
Habang Kapiling Ka,Drama,Philippines,,4-Nov-02,17-Oct-03,248
Istine i laži,Telenovela,Serbia,3,25-Sep-17,Currently in production,247
American Dad!,Animated sitcom,United States,15,6-Feb-05,Currently in production,247
Murphy Brown,Sitcom,United States,10,14-Nov-88,18-May-98,247
The Biggest Loser,Reality show,United States,17,19-Oct-04,22-Feb-16,247
Bones,Crime drama,United States,12,13-Sep-05,28-Mar-17,246
The Dean Martin Show,"Variety, Comedy",United States,9,16-Sep-65,24-May-74,245
Good Eats,Cooking show,United States,14,7-Jul-99,10-Feb-12,244[134]
Behind the Music,Documentary,United States,,17-Aug-97,Currently in production,244[135]
7th Heaven,Family drama,United States,11,26-Aug-96,13-May-07,243
Baywatch,Drama,United States,11,22-Sep-89,14-May-01,243
SpongeBob SquarePants,Animated Cartoon,United States,12,1-May-99,Currently in production,243
The F.B.I.,Crime drama,United States,9,19-Sep-65,8-Sep-74,240
Arthur,Animated children's show,"United States, Canada",21,7-Oct-96,Currently in production,239
Mundo de Fieras,Telenovela,Venezuela,1,1991,1991,239[136]
Welcome to the House,Sitcom,Hong Kong,,10-Apr-06,10-Mar-07,239
Trops,"Romance, Comedy Drama",Philippines,1,24-Oct-16,22-Sep-17,238
Friends,Sitcom,United States,10,22-Sep-94,6-May-04,236
BrzydUla,Soap opera,Poland,2,6-Oct-08,22-Dec-09,235
Lotte,Telenovela,The Netherlands,,17-Feb-06,30-Aug-10,208[137]
Strictly Come Dancing,Reality show,United Kingdom,15,15-May-04,Currently in production,235
Leave It to Beaver,Sitcom,United States,6,4-Oct-57,20-Jun-63,234
T.G.I.S.,Teen drama,Philippines,,12-Aug-95,27-Nov-99,233
The Drew Carey Show,Sitcom,United States,9,13-Sep-95,8-Sep-04,233
3-2-1 Contact,Children's education,United States,,14-Jan-80,18-Nov-88,233
CSI: Miami,Crime Drama,United States,10,23-Sep-02,8-Apr-12,232[138]
Roseanne,Sitcom,United States,10,18-Oct-88,22-May-18,231
Страна у,Sitcom,Ukraine,,10-Oct-13,Currently in production,230
Square One Television,"Children's, Education",United States,5,26-Jan-87,6-Nov-92,230
JAG,Drama,United States,10,23-Sep-95,29-Apr-05,227
De Pfaffs,Reality,Belgium,11,6-Sep-02,1-Jan-12,175[139]
Falcon Crest,Soap opera,United States,9,4-Dec-81,17-May-90,227
Melrose Place,Soap opera,United States,7,8-Jul-92,24-May-99,227
NCIS: Los Angeles,Drama,United States,10,22-Sep-09,Currently in production,227
Toen Was Geluk Heel Gewoon,Sitcom,The Netherlands,16,2-Jan-94,3-Jun-03,227
Pobre Rico,Comedy,Chile,2,23-Apr-12,11-Mar-13,226
Lokatorzy,Sitcom,Poland,6,6-Feb-00,16-Oct-06,226
Club van Sinterklaas,Children's,The Netherlands,,1-Nov-99,4-Dec-09,226[140]
Teen Titans Go!,Animated children's show,United States,4,3-Apr-13,Currently in production,226
McLeod's Daughters7,Drama series,Australia,8,8-Aug-01,31-Jan-09,224
Friday Night with Jonathan Ross,"Chat show, Comedy",United Kingdom,16,2-Nov-01,16-Jul-10,224
The Real McCoys,Sitcom,United States,,3-Oct-57,3-Jun-63,224
Yu-Gi-Oh! Duel Monsters,Action,Japan,,18-Apr-00,29-Sep-04,224
Lola...Érase una vez,Soap opera,Mexico,,26-Feb-07,11-Jan-08,224
HaPijamot,Sitcom,Israel,9,1-Jul-03,15-Feb-15,223
Phineas and Ferb,Musical comedy,United States,4,17-Aug-07,12-Jun-15,222
Petticoat Junction,Sitcom,United States,7,24-Sep-63,4-Apr-70,222
Undressed,"Teen drama, Comedy, Soap opera",United States,6,26-Jul-99,5-Sep-02,222
The Waltons,Family drama,United States,9,14-Sep-72,4-Jun-81,221
The Flying Doctors,Soap opera,Australia,,1986,1993,221
Naruto,Action,Japan,9,3-Oct-02,8-Feb-07,220 [A]
Bumba,Children's,Belgium,,30-Aug-04,Currently in production,220[141]
Dynasty,Soap opera,United States,9,12-Jan-81,11-May-89,220
Whose Line Is It Anyway?,Improvisational comedy,United States,8,8-Aug-98,10-Nov-06,220
Modern Family,Sitcom,United States,10,23-Sep-09,Currently in production,220
Popeye,Animated children's,United States,,1962,1979,220[142]
Encantadia,"Drama, Fantasy",Philippines,1,18-Jul-16,19-May-17,218
Will & Grace,Sitcom,United States,10,21-Sep-98,Currently in production,218[143]
The X-Files,Science fiction,"United States, Canada",11,10-Sep-93,21-Mar-18,218[144]
Smallville,"Action, Adventure, Science fiction",United States,10,16-Oct-01,13-May-11,217[145]
Rawhide,Western,United States,8,9-Jan-59,4-Jan-66,217
Mystery Science Theater 3000,"Comic science fiction, puppetry",United States,12,24-Nov-88,8-Aug-99,217
Daleko od noszy,Sitcom,Poland,10,25-Dec-03,3-Dec-11,216
Ek Hasina Thi,"Suspense thriller, Crime drama, Mystery",India,1,14-Apr-14,20-Dec-14,216
Family Matters,Sitcom,United States,9,22-Sep-89,17-Jul-98,215[146]
The Middle,Sitcom,United States,9,30-Sep-09,22-May-18,215[147]
Dennis Miller Live,Talk show,United States,,22-Apr-94,30-Aug-02,215
Annaliza,Drama,Philippines,3,27-May-13,21-Mar-14,215
Allsång på Skansen,Music show,Sweden,31,3-Aug-79,Currently in production,215
Krishnaben Khakhrawala,Drama,India,1,29-Nov-10,29-Sep-11,215
Sąd rodzinny,Court show,Poland,8,4-Mar-08,22-Dec-11,214
Stargate SG-1,Science fiction,"United States, Canada",10,27-Jul-97,13-Mar-07,214
"Wetten, dass..?","Game Show, Talk show","Germany, Austria, Switzerland",,25-May-02,11-Jun-06,213
Galis,"Science fiction, Drama",Israel,7,12-Feb-12,17-Jul-16,213
Zeg 'ns Aaa,Sitcom,The Netherlands,12,1-Jan-81,13-Feb-93,212
HaShminiya,"Science fiction, Drama",Israel,5,5-Jun-05,22-Jul-14,212
Touched by an Angel,Drama,United States,9,21-Sep-94,27-Apr-03,212[149]
Everybody Loves Raymond,Sitcom,United States,9,13-Sep-96,16-May-05,210[150]
Road Rules,Reality,United States,13,19-Jul-95,2004,210
All in the Family,Sitcom,United States,9,12-Jan-71,8-Apr-79,210[151]
Princess and I,"Drama, Romance",Philippines,,16-Apr-12,1-Feb-13,210
Dolina sunca,Telenovela,Croatia,,29-Sep-09,15-Jul-10,210
The Facts of Life,Sitcom,United States,9,24-Aug-79,7-May-88,209
Pop-Up Video,Music video,United States,,27-Oct-96,8-Aug-02,209
One Day at a Time,Sitcom,United States,9,16-Dec-75,28-May-84,209
David,Telenovela,Belgium,,18-Sep-09,30-Jun-10,208[152]
Um Himmels Willen,Sitcom,Germany,16,8-Feb-02,Currently in production,208
How I Met Your Mother,Sitcom,United States,9,19-Sep-05,31-Mar-14,208[153]
The King of Queens,Sitcom,United States,9,21-Sep-98,14-May-07,207[154]
De film van Ome Willem,Children's,The Netherlands,,16-Jan-74,14-May-89,207
Fuego en la sangre,"Telenovela, Drama",Mexico,,21-Jan-08,2-Nov-08,207
77 Sunset Strip,Drama,United States,6,10-Oct-58,7-Feb-64,206[155]
Viza za budućnost,"Sitcom, Comedy",Bosnia and Herzegovina,6,22-Sep-02,17-Apr-08,206
Salomé,Telenovela,Mexico,,2001,2002,205
Digimon,Animated children's,Japan,,23-Dec-00,3-Dec-03,205[156]
Mujer de Madera,Telenovela,Mexico,3,2004,2004,205
Виталька,Sitcom,Ukraine,,10-Oct-12,Currently in production,204
Germany's Next Topmodel,Reality,Germany,14,25-Sep-06,Currently in production,203
Dwarkadheesh – Bhagwaan Shree Krishn,Mythological drama,India,,4-Jul-11,12-Apr-12,204
WWE Velocity,Sports entertainment,United States,,25-May-02,11-Jun-06,204
Home Improvement,Sitcom,United States,8,17-Sep-91,25-May-99,204[157]
7 vidas,Sitcom,Russia,15,1999,2006,204
Yagit,Family drama,Philippines,2,13-Oct-14,24-Jul-15,203
Father Knows Best,Sitcom,United States,8,3-Oct-54,23-May-60,203[158]
Caminho das Índias,Telenovela,Brazil,1,19-Jan-09,11-Sep-09,203
Little House on the Prairie,Drama,United States,9,11-Sep-74,21-Mar-83,203[159]
The Outer Limits—Original series,Science fiction,United States,9,16-Sep-63,16-Jan-65,203 [A]
The Outer Limits—Revival series,Science fiction,United States,9,26-Mar-95,18-Jan-02,203 [A][160]
"Walker, Texas Ranger",Action,United States,9,21-Apr-93,25-Aug-01,203[161]
Walang Hanggan,Drama,Philippines,2,16-Jan-12,26-Oct-12,203
Hawaii Five-0,"Action, police procedural, drama",United States,9,20-Sep-10,Currently in production,203[162]
Alice,Sitcom,United States,9,31-Aug-76,2-Jul-85,202[163]
Top Gear – second run,Motoring magazine,United Kingdom,26,20-Oct-02,Currently in production,202
Ojamajo Doremi,Comedy,Japan,,7-Feb-99,26-Jan-03,201
Ella,Telenovela,Belgium,,24-Sep-10,30-Jun-11,201[164]
The Cosby Show,Sitcom,United States,8,20-Sep-84,30-Apr-92,201[165]
Gin Tama,Action,Japan,,4-Apr-06,25-Mar-10,201
The Office,Sitcom,United States,9,24-Mar-05,16-May-13,201
Lyra,Drama,Philippines,,8-Apr-96,3-Jan-97,200
Crna hronika,"Action, Crime drama",Bosnia and Herzegovina,2,20-Sep-04,6-Jul-06,200
Danny Hollywood,"Musical, Comedy, Drama",Israel,2,6-Jan-08,15-Sep-09,200
Instant Khichdi,Sitcom,India,,2005,2006,200
Mack & Myer for Hire,Sitcom,United States,,1963,1965,200
Saan Ka Man Naroroon,"Drama, Romance",Philippines,,5-Apr-99,23-Mar-01,200
Coach,Sitcom,United States,9,28-Feb-89,14-May-97,200[166]
Código Postal,Telenovela,Mexico,,22-May-06,23-Feb-07,200[167]
Sailor Moon,Action,Japan,5,7-Mar-92,8-Feb-97,200
That '70s Show,Sitcom,United States,8,23-Aug-98,18-May-06,200[168]
Beavis and Butt-head,Animated sitcom,United States,7,8-Mar-93,31-Jul-98,200[169]
Sara,Telenovela,Belgium,,24-Sep-08,25-Jun-09,200
LouisLouise,Telenovela,Belgium,,25-Sep-07,29-Jun-08,200[170]
Hopla,Animated children's show,Belgium,,2000,2015,200[171]
Ang Iibigin Ay Ikaw,"Drama, Romance",Philippines,,8-Jul-02,11-Apr-03,200
Ironside,Crime drama,United States,8,14-Sep-67,16-Jan-75,199
Deal or No Deal,Reality-based game show,United States,4,19-Dec-05,18-May-09,197[172]
TruTV Presents: World's Dumbest...,"Comedy, Reality",United States,16,13-Mar-08,2-Mar-14,197
CSI: NY,Drama,United States,9,22-Sep-04,22-Feb-13,197
Turma da Mônica (Monica's Gang),Animated children's show,Brazil,8,24-Dec-76,Currently in production,196
Prosto w serce,Soap opera,Poland,2,3-Jan-11,23-Dec-11,196
Who's the Boss?,Sitcom,United States,8,20-Sep-84,25-Apr-92,196[173]
My Little Pony: Friendship Is Magic,Animated children's show,United States,8,10-Oct-10,Currently in production,195[174]
Law & Order: Criminal Intent,Drama,United States,10,30-Sep-01,26-Jun-11,195[175]
Urusei Yatsura,Comedy,Japan,,14-Oct-81,19-Mar-86,195
Die Pfefferkörner,"Children's, Crime",Germany,15,27-Nov-99,Currently in production,195
Strange Paradise,Soap opera,Canada,,1969,1970,195[176]
Matlock,Drama,United States,9,23-Sep-86,7-May-95,195[177]
Munting Heredera,Drama,Philippines,,9-May-11,3-Feb-12,195
Mannix,Drama,United States,8,16-Sep-67,13-Apr-75,194[178]
Heartland,Drama,Canada,12,14-Oct-07,Currently in production,193
Night Court,Sitcom,United States,9,4-Jan-84,31-May-92,193[179]
Astro Boy,Action,Japan,,1-Jan-63,31-Dec-66,193
Teenage Mutant Ninja Turtles,Animated children's show,United States,10,28-Dec-87,2-Nov-96,193
WWF Jakked,Sports entertainment,United States,,4-Sep-98,18-May-02,193
WWF Metal,Sports entertainment,United States,,5-Sep-98,19-May-02,193
Shararat Thoda Jaadu Thodi Nazaakat,"Sitcom, Magical drama",India,4,9-Nov-04,25-Dec-08,192
24,"Drama, Thriller, Action, Serial",United States,8,6-Nov-01,24-May-10,192[180]
Full House,Sitcom,United States,8,22-Sep-87,23-May-95,192[181]
The Apprentice,Reality show,United States,14,8-Jan-04,13-Feb-17,192
Comedy Nights with Kapil,Comedy,India,1,22-Jun-13,24-Jan-16,191
House of Anubis,Mystery,"Belgium, United Kingdom, United States",3,1-Jan-11,17-Jun-13,191
Alyas Robin Hood,"Drama, Action, Crime",Philippines,2,19-Sep-16,24-Nov-17,190
Majka,Soap opera,Poland,2,4-Jan-10,23-Dec-10,190
Diff'rent Strokes,Sitcom,United States,8,3-Nov-78,7-Mar-86,189[182]
Baat Hamari Pakki Hai,Drama,India,1,31-May-10,25-Feb-11,188
Marina,"Fantasy, Drama",Philippines,,23-Feb-04,12-Nov-04,188
Juan dela Cruz,Drama,Philippines,,4-Feb-13,25-Oct-13,188
Canadian Idol,Reality game show,Canada,6,1-Jun-03,10-Sep-08,188[183]
Adam i Ewa,Soap opera,Poland,1,30-Sep-00,2001,188
Princess in the Palace,"Comedy, Drama",Philippines,,21-Sep-15,10-Jun-16,187
One Tree Hill,Drama,United States,9,23-Sep-03,4-Apr-12,187
Amigas y rivales,Telenovela,Mexico,,30-Jul-01,10-May-02,185
Brandweerman Sam,Children's,The Netherlands,,1-Sep-90,13-Jun-02,185[184]
Newhart,Sitcom,United States,8,25-Oct-82,21-May-90,184[185]
María la del Barrio,Telenovela,Mexico,,14-Aug-95,26-Apr-96,184
According to Jim,Sitcom,United States,8,3-Oct-01,12-May-09,182[186][187]
Winx club,Animated children's,Italy,,28-Jan-04,10-Apr-16,182[188]
Life and Times,Documentary,Canada,,4-Oct-96,22-Jun-07,182
Marisol,Telenovela,Brazil,,9-Apr-02,5-Nov-02,181
Seinfeld,Sitcom,United States,9,5-Jul-89,14-May-98,181[189]
All That—First run,Comedy,United States,10,16-Apr-94,4-Nov-00,181 [A]
All That—Second run,Comedy,United States,10,19-Jan-02,22-Oct-05,181 [A][190]
Scrubs,"Comedy, Drama",United States,9,2-Oct-01,17-Mar-10,181
Desperate Housewives,"Comedy, Drama",United States,8,3-Oct-04,13-May-12,180
Zauvijek susjedi,Comedy,Croatia,,24-Sep-07,30-May-08,180
Ponos Ratkajevih,Telenovela,Croatia,,8-Oct-07,16-Jun-08,180
Sve će biti dobro,Telenovela,Croatia,,22-Sep-08,1-Jun-09,180
Pogrešan čovek,Telenovela,"Croatia, Serbia",1,16-Sep-18,Currently in production,180
I Love Lucy,Sitcom,United States,6,15-Oct-51,6-May-57,180[191]
Family Ties,Sitcom,United States,7,22-Sep-82,14-May-89,180[192]
The Golden Girls,Sitcom,United States,7,14-Sep-85,9-May-92,180[193]
Yu-Gi-Oh Duel Monsters GX,Action,Japan,4,6-Oct-04,28-Mar-08,180
Alifim,Drama,Israel,3,23-Jan-11,5-Aug-13,180
Charmed,Drama,United States,8,7-Oct-98,21-May-06,179[194]
Dora the Explorer,Animated children's show,United States,8,14-Aug-00,30-Mar-14,179
"Kambal, Karibal","Drama, Supernatural",Philippines,2,27-Nov-17,3-Aug-18,178
The Prince of Tennis,Comedy,Japan,7,10-Oct-01,30-Mar-05,178
"Ina, Kapatid, Anak",Drama,Philippines,3,8-Oct-12,14-Jun-13,178
Star Trek: The Next Generation,Science fiction,United States,7,28-Sep-87,23-May-94,178[195]
Diagnosis: Murder,Drama,United States,8,29-Oct-93,11-May-01,178[196]
Laverne & Shirley,Sitcom,United States,8,27-Jan-76,10-May-83,178[197]
Mi Gorda Bella,Soap opera,Venezuela,,20-Nov-02,2003,178[198]
House,Medical drama,United States,8,16-Nov-04,21-May-12,177
Impractical Jokers,"Comedy, Reality",United States,7,15-Dec-11,Currently in production,177 (+ 29 specials)
Al diablo con los guapos,Telenovela,Mexico,,8-Oct-07,6-Jun-08,176
Cô gái xấu xí,Comedy-drama,Vietnam,2,11-Feb-08,31-Mar-09,176
Star Trek: Deep Space Nine,Science fiction,United States,7,3-Jan-93,2-Jun-99,176[199]
Ljubav u zaleđu,Telenovela,Croatia,1,3-Oct-05,7-Jun-06,175
Nonkel Jef,Comedy,Belgium,7,25-Mar-95,2001,175[200]
The Greenhouse,"Science fiction, Drama",Israel,3,17-Dec-12,28-Feb-16,175
Mula Sa Puso,"Drama, Romance",Philippines,,10-Mar-97,9-Apr-99,175
Het Huis Anubis en de Vijf van het Magische Zwaard,"Teen Drama, Mystery",Belgium,2,17-Mar-10,3-Jun-11,175
Bolek and Lolek,Animated children's show,Poland,10,1963,1986,174
Akasya Durağı,"Comedy, Drama",Turkey,5,14-Jul-08,1-Sep-12,174
Yaprak Dökümü,Drama,Turkey,5,13-Sep-06,29-Dec-10,174
Adam-12,Police drama,United States,7,21-Sep-68,20-May-75,174[201]
Soñadoras,Telenovela,Mexico,,1998,1998,174
Dekha Ek Khwaab,Soap opera,India,1,21-Nov-11,2-Aug-12,173
Čista ljubav,Telenovela,Croatia,1,10-Sep-17,14-Jun-18,173
My Fair Nanny,Sitcom,Russia,7,17-Sep-04,1-Jan-09,314[202]
Kochaj mnie,Documentary,Poland,5,29-Mar-02,26-Mar-07,173
The Bob Cummings Show,Sitcom,United States,5,7-Jan-55,15-Sep-59,173[203]
Mirmo Zibang!,Comedy,Japan,,6-Apr-02,27-Sep-05,172
Rugrats—First run,Animated children's show,United States,12,11-Aug-91,29-May-94,172 [A][204]
Rugrats—Second run,Animated children's show,United States,12,6-Dec-96,8-Jun-04,172 [A][204]
Star Trek: Voyager,Science fiction,United States,7,16-Jan-95,23-May-01,172[205]
Three's Company,Sitcom,United States,8,15-Mar-77,18-Sep-84,172[206]
Girlfriends,"Sitcom, Comedy, Drama",United States,8,11-Sep-00,11-Feb-08,172[207]
Wings,Sitcom,United States,8,19-Apr-90,21-May-97,172[208]
L.A. Law,Drama,United States,8,15-Sep-86,19-May-94,172[209]
Si Yo Fuera Rico,"Sitcom, Comedy, Drama",Chile,1,8-Jan-18,2-Oct-18,172
Medical Center,Medical drama,United States,7,24-Sep-69,6-Sep-76,171
Mission: Impossible,Drama,United States,7,17-Sep-66,30-Mar-73,171[210]
The Vampire Diaries,Action drama,United States,8,10-Sep-09,10-Mar-17,171
Eres mi tesoro,Drama,Chile,1,29-Jul-15,6-Apr-16,171
Amanda,Drama,Chile,1,22-Nov-16,25-Jul-17,170
Những người độc thân vui vẻ,Sitcom,Vietnam,1,7-Feb-08,28-Aug-09,170
Obični ljudi,Telenovela,Croatia,1,9-Oct-06,1-Jun-07,170
Extreme Homes,Home renovation,United States,3,1997,Currently in production,170
Destilando Amor,Soap opera,Mexico,,22-Jan-07,16-Sep-07,170
Green Acres,Sitcom,United States,6,15-Sep-65,27-Apr-71,170[211]
Temptation,Game show,United States,1,10-Sep-07,13-Jun-08,170
Empty Nest,Sitcom,United States,7,8-Oct-88,17-Jun-95,170[212]
Barney Miller,Sitcom,United States,8,23-Jan-75,20-May-82,170[213]
"Yo soy Betty, la fea",Telenovela,Colombia,3,25-Oct-99,2001,169[214]
Mañana es para siempre,Telenovela,Mexico,,20-Oct-08,14-Jun-09,169
"Marcus Welby, M.D.",Medical drama,United States,7,23-Sep-69,29-Jul-76,169
Hogan's Heroes,Sitcom,United States,6,17-Sep-65,4-Jul-71,168[215]
The Rifleman,Western,United States,5,30-Sep-58,8-Apr-63,168
The Practice,Legal drama,United States,8,4-Mar-97,16-May-04,168[216]
The Mary Tyler Moore Show,Sitcom,United States,7,19-Sep-70,19-Mar-77,168[217]
InuYasha,Action,Japan,6,16-Oct-00,13-Sep-04,167
The Flintstones,Animated sitcom,United States,6,30-Sep-60,1-Apr-66,166[218]
Growing Pains,Sitcom,United States,7,24-Sep-85,25-Apr-92,166[219]
Haplos,"Drama, Supernatural",Philippines,1,10-Jul-17,23-Feb-18,165
Daniel Boone,Adventure,United States,6,24-Sep-64,10-Sep-70,165[220]
Letter to Loretta,Anthology drama,United States,8,2-Sep-53,4-Jun-61,165
Khwaish,Drama,India,1,16-Jul-07,24-Apr-08,165
Amaya,Epic drama,Philippines,,30-May-11,13-Jan-12,165
Captain Barbell,"Action, Drama, Fantasy",Philippines,,29-May-06,12-Jan-07,165
Бессмертное кино,Comedy,Russia,1,20-Dec-14,Currently in production,165
Mad About You,Sitcom,United States,7,23-Sep-92,24-May-99,164[221]
Andrija i Anđelka,Comedy,Serbia,3,5-Oct-15,28-Oct-16,164
Bob's Burgers,Animated sitcom,United States,9,9-Jan-11,Currently in production,164
Designing Women,Sitcom,United States,7,29-Sep-86,24-May-93,163[222]
"Sabrina, the Teenage Witch",Sitcom,United States,7,27-Sep-96,24-Apr-03,163[223]
Tom and Jerry,Animated cartoon,United States,,10-Feb-40,8-Sep-67,"1,043[224]"
Bassie & Adriaan,Children's,The Netherlands,,1978,1996,162
La Viuda de Blanco—Original series,Telenovela,Colombia,,1996,1996,162 [A][225]
La Viuda de Blanco—Remake,Telenovela,Colombia,,25-Jul-06,2-Mar-07,162 [A][225]
"Magnum, P.I.",Drama,United States,8,11-Dec-80,24-Feb-88,162[226]
Zora dubrovačka,Telenovela,Croatia,1,15-Sep-13,1-Jun-14,161
The Fairly OddParents,Animated children's show,United States,10,30-Mar-01,26-Jul-17,161
Aashirwad,Soap opera,India,,1998,1999,161[227]
Ranma ½,Comedy,Japan,7,15-Apr-89,25-Sep-92,161
The Avengers,Science fiction,United Kingdom,6,7-Jan-61,21-May-69,161
Encantadia,"Drama, Fantasy",Philippines,1,2-May-05,9-Dec-05,160
Impostora,Drama,Philippines,1,3-Jul-17,9-Feb-18,160
Villa Maria [hr],Telenovela,Croatia,1,20-Oct-04,29-Apr-05,160
Na granici,Telenovela,Croatia,1,9-Sep-18,Currently in production,160
Without a Trace,Thriller,United States,7,26-Sep-02,19-May-09,160[228]
Mi pequeña Soledad,Telenovela,Mexico,,14-May-90,21-Dec-90,160
Kuchh Is Tara,Soap opera,India,1,26-Nov-07,28-Aug-08,160
Step by Step,Family sitcom,United States,7,20-Sep-91,26-Jun-98,160[229]
Aquí mando yo,Comedy,Chile,1,12-Sep-11,23-Apr-12,160
Pretty Little Liars,"Crime thriller, Mystery, Teen drama",United States,7,8-Jun-10,27-Jun-17,160[230]